{
  "start": [
    45.44133515211266,
    -75.60859929166942
  ],
  "end": [
    45.298074993041894,
    -75.93887282992091
  ],
  "numberOfScenarios": -50,
  "routes": {
    "default": {
      "totalTimeMinutes": 25
    },
    "Safety": {
      "description": "This route prioritizes safer streets with better lighting and lower traffic.",
      "variants": [
        {
          "middle": [
            45.37434260639422,
            -75.69853482150437
          ],
          "tts": [
            4
          ]
        },
        {
          "middle": [
            45.33042787045188,
            -75.76378154531083
          ],
          "tts": [
            6
          ]
        },
        {
          "middle": [
            45.34537358598173,
            -75.66420688040428
          ],
          "tts": [
            10
          ]
        }
      ]
    }
  }
}
